0xf73c7d8fa0cc1330d18218fda72570b99d3bf5ed,0.0015
0xbcbb7dd810ede89239adc219937cfdd7485112a0,0.0018
0x4357e6ce96228bcc8a822ecf69a1f57cf748744a,0.0014
0xd436f30674de6e23e5865c99122c7bef1d24a15e,0.0018
0xa25f79bdb987dc58734542ca554429b007ee591d,0.0017
0x6c4b5363c504cd2bd10055d14ebae49916f8ceff,0.0018
0x891148abcdaeefe0f1481a41aee955a1948f5753,0.0018
0x127eab78b56abe331e964e3a404d6343b5446afd,0.0010
0x58923be993e161b75092c6ce975bd2004d0c3163,0.0015
0x3204312e65d84d1ce171c861bc898798b42c5188,0.0013
0xff5f1a1adedf25205c35c27a7f2cec16d6192977,0.0019
0x076b5845bf716e67b7e3df95e644711a1aa74dd9,0.0013
0x4ad83a4205500ea5cca3a1d67ee4f800979dac22,0.0017
0x7021dd7814439266a5b4fd49ea9a843c86c2b5d5,0.0013
0xa38529182f5811ae9c31f710e383a1eac0c1c62f,0.0015
0x30f3de54207c7af759ea01aaa7e41ca534fd0555,0.0020
0x6d5d5f29e329fb2f8bcdf541ee3283404b9cb010,0.0012
0x4b164e28b8aeabba152956edc695e4a1219c1d4c,0.0015
0x1cf584790e6d0afc567509eac8b7ab305cb3afbf,0.0018
0xe77281e4341ef06d72c4b583635f3b535cf066af,0.0016
0xfce249830ad69711b07ece18227a8f19f782e6b7,0.0011
0x44d18f43a49e7e2636b3623f5217e9f4a0042344,0.0016
0x6c07d73612e1dc7dab7edb5127a3fd1c2ae29160,0.0017
0x3e3e7a9b0ecc6cc885e0d4acbeee74a8e1faa431,0.0012
0x6f1c7df93d66f4d39dc148c6f1a59ebc241d0da7,0.0010
0x9fc5c9664dac5269767bd52ade001981d33cca83,0.0017
0xb923f678f07eaec2472d134905ee4051c2fe6d8f,0.0017
0x4de1ead178d2e7c87352b155d432aacd13f126fd,0.0010
0xc0bbd9427d17ab63ae50980650f541cd03645225,0.0014
0xc7bb8a7eec99dd3692bc6aaaaf0345dba23234ec,0.0018
0xed802cbd2fc432a9b75737f07302d2d9cdbaa2ac,0.0013
0xacbeec86c8a46e34cb849846dbe468ff4f85f063,0.0013
0xa27b79b37d3cad291fe28b86ea865555c823d548,0.0015
0x942f574e581da67c2dcea3c0193f4cec36135575,0.0013
0x604c0d6b93ec6689a9065c0014f35204da0245fa,0.0016
0xe4ec47e3537da381c92c67967216c59628d7dbef,0.0014
0x1bad67426ebeb99bf41ccc9cbd4eb3a5fd0db83a,0.0012
0xf8ce2f33e8d7a53245fc52aa732c243023bb4685,0.0016
0x2f2fb336e04484eaeb7682d56344793581f3b7c0,0.0010
0x834e215d2b9a24036a752555c19b0efbc535dbdf,0.0014
0x23f6125a2031cdb76aae16e6729eb9b470fcf6a4,0.0011
0x80644052430d6e838e1ecd42ff91f56fc472ecf9,0.0011
0x15ce888bf205d06085cbe8641c6bf6b3000b0df0,0.0012
0xd5e47b31dd3b0545fc3475bb9c8bfce3ed04bc8c,0.0019
0x77422e0f88d017ea7af9957110b7f3f006fb01a4,0.0014
0xfd484d3df71f2c4f537de945b97209503f0c06bb,0.0015
0x26e7db0631f722b6bbd8bf98274183ba1f2d6051,0.0020
0x5c70c24dcd3e029edd0ded0c977bae0bac3c346b,0.0015
0x108c296a3a986839396944c8d437261aa7ce43a2,0.0017
0x40b2ca226059793baf4c83cf2c5f2f04525cfcb3,0.0018
0x543404eeb4e09b34c9a4ad00f1e500ca3f15d61c,0.0012
0x3d49a088eb03f450c471a17f65a53ec96f0746fa,0.0013
0x4bc48cde8f22ce607c2bf119d3f9ac35ef34dc2e,0.0018
0x47db9aa07b95fa0f7207f22032a686a2b4640970,0.0014
0xd6d6a9ebcea45ff874a03c7ae49397c7a61fdeff,0.0016
0x6948b7e86f199498373d544b6767aa0dee8bffc5,0.0016
0xf31964225790a0cc5fb3d4c8f2d921a0fe1597ef,0.0015
0xc7e137c7a9c7a486c2762db3e1f4f2c83001dbcd,0.0018
0x20b8cb0de6c90c87355be7f7f196ae882f9add28,0.0013
0xef9f48dfe1a6d1c84d41f236255a9c5422fb6c00,0.0012
0x365783ad13d877669bf38e1afa79d9e645b9b383,0.0015
0x920ed3275132668d9cc90105f55760a9419be43c,0.0013
0xad05a2340094a176a97c5d17795ed931f2cc01d1,0.0018
0xc35a43a0d8d3309a3c925e3993b8174d531b0b71,0.0014
0xf7ab7dbd81a950b67ba176d622b53c19cdd1da83,0.0013
0xf2cfbfd9d0ef3c7d1e266e169e44e19e8be3a57c,0.0013
0x8acb63c970aad9440b0207c0837467c48265b980,0.0014
0xe2a10f351db2f5d98dd1da7020f2a0ad72502fb1,0.0018
0xb9f2ba4db18cf5c6e7a28676716a760cf7c50130,0.0012
0xc4733e017081005cebd90970f828526c26c16d7e,0.0018
0x958ffd253b07fd41b1fe1c917ca179bbd5d66712,0.0018
0xc8010a16ebf0b7f923baa01bcad424ff81d7668f,0.0011
0x345e92f18f5b544e440b168fa4c12f5d3e6b09f6,0.0014
0xefb3e3d7c4c4b1de31b63fb98e6f8d79b047287a,0.0010
0x81c7d4ce1a6551f556efbad6e2ba748972ef73a3,0.0012
0x1b73839e0440660908d6b99d17b76fe33b0029d4,0.0012
0x6f6cd7b0625c7f3e427bb0f012463c2d5470d27b,0.0016
0xbd998e7214d7d62b87644c410c96e3390696f9e1,0.0019
0xa179249eeea12d96fbf27086b8efcab2e7959756,0.0016
0xa40bdb625e332967a122110ce15fa559943be359,0.0015
0x99ab1043a1fb3bf8760e807f6ee3b6e084f53ba5,0.0012
0xafd16643d0ac59f322736f5c7048d09543205313,0.0017
0x17766dde3358b877eef45a617cb2f0ea42856c01,0.0012
0x1239da80efc9e85969a7993b6759a9abf8fe0d8e,0.0013
0xff5ce707e6a50d5ead2cc83b527b39cff1d0beac,0.0017
0xbd0dce38e92b146e04e2beff6d00aafe9265323d,0.0011
0x3b2ee8052b29725cd58a3b155496454091490d57,0.0018
0x7dac1949b39a12836bbca46dbf43519661d9df64,0.0020
0x9987391ac6e6e3a8eb095d3ec098d1a3c5e70cdd,0.0020
0x139a23e680525053ddb673684d6a9ab2ae3db069,0.0016
0x4bab88dd4f0f9587df6540231d1894509b086054,0.0013
0x84e17ea60f43405cc591bc44846458a5187fcdca,0.0011
0xd8a23fe34efcb232a8ae40d51d77e63f95fc68cb,0.0013
0x48135f7b80556787a4ee08c1ece0ff131248d3ee,0.0019
0x67f17bce2abf3ac5bae17a244eeca3badc1140bb,0.0012
0x4c31fde93d332969aaa15a1f8af7d11abd18baba,0.0013
0x3564ca8ad60c6c7d49a05b276ba85583e376e80e,0.0014
0x9236e2b8cf1e9de73de815f4580a737f9b847c94,0.0016
0x59f86c7b020a4faaa8bec459c4b37ac3eedbb32d,0.0016
0xbb377225a155e4b8c9ceebc70ef7df57720ea6f7,0.0020
0xdcb69a34aae4ea2fb3be36225adca9f6e5aab9c2,0.0012
0xd534b8a571c25af5bf092817aa88c73fa01be9f2,0.0017
0x0e408732b5aaf1cc5f74cf96cd0ceb69b9a88e90,0.0019
0x124dfca3a9dbe75fe008aa85608348b3541d8758,0.0018
0xe013abb93df3e8f7ecc293dcce9cb025e1fab643,0.0016
0x1b5efed8e68c0616b4cc74f5901af9c38ddb0c68,0.0016
0xcae55a3a72ae39ca2fb69b82c9fe2580bd1d784a,0.0013
0xff64ca42251a119db9ee852a6e94a679fea5c920,0.0012
0xfbf8d3d510599a8401c94a72cc974470bafc8b4b,0.0016
0xccb612c1b7dda0d5ad7b6d93a9646336e02b7802,0.0013
0x1d256445c65b6e6440937596546fd19f69e39926,0.0016
0x775a270ef33ead966e4b3102ac10f580e0907c76,0.0019
0xec73c1895894eecb2949c59d030ad6da5b7ec465,0.0010
0xe64bb1a6b955a9314cfa7fd40076476e2f50878d,0.0013
0xd54939fd2dc1e01690832d878ece48fa1e1582d2,0.0020
0xaa0ab16f46ad26f6a0b2e397375961e2ac544dc8,0.0016
0x465fec3244f919abee7b2cb5609a8c8dd2e5706e,0.0012
0x0a9ed477fde6d60191024325672b1e5601b24f55,0.0015
0x3f55abd2b07d2e190785675fc61649d1accb286e,0.0010
0x34cdcb90c8bb185d2d0d469b41316167cbf07bcd,0.0011
0xf06b1cd7b0e8ddb946265cd58a60f32c03ac24c0,0.0014
0x0d1fb9eb0114f9d56446993209b5075cf4ee3a7b,0.0019
0xd0a6fbe5a1fefbc562bb7d2388555b26ce10d904,0.0013
0x3d8b70d9e533e2c695c3adcdbdc444a71a9a5a92,0.0019
0x5842437583522d833a403dcb0906b1a1e883d1aa,0.0013
0xf2fb94cd3a6250d6c2f96b7291c9d5eb2e6c223f,0.0011
0x13bab078a324fcf8ab01ec655c2113b1f0ea8c21,0.0019
0x2113bb144d12f0e91e683daf967c602eba5d43b4,0.0017
0xa3c72258173fad72edd69ba51b03f62061a96243,0.0017
0x02b9f1399fdd08a2bbd51e302e40e2b090a07d0b,0.0018
0xe6154e786ccca03e23d317efa9339e64284a49e3,0.0013
0xd7ec12df8403805ec725b71ccc9c2c36e051fd5e,0.0019
0x2b40a2e28c6d595c425b419accd38b15890cee81,0.0019
0x8b43466fcc2611ee6a49577a9c742f3e354ff514,0.0013
0xb7576f1f42360fa3c0ed676cef7e9a68fa5a9d4c,0.0013
0x82926a8d028df3ac6b9eecb5a6b934d38a19c97c,0.0011
0x20905bd711c9a61faceadb731308382f644f0aff,0.0017
0xdd9d0c73eea4db68f157393a0c44a3894354a9af,0.0011
0x1f730f26900603f8916dccb5390c1d1874f2ea98,0.0011
0x575dc6c0f634fff0a11badf26fa0aca32cdfeb81,0.0014
0x6681b56b49888aa26a30ee0949d25408dfece418,0.0017
0x8f7cbc9b7c671833cfe63aaf7c4f277014f6434c,0.0019
0xde464c9934fd447e9eee2f48e033b1128b770b2f,0.0011
0xb57825f908f8c0421f2c6e6947d723294ed981c9,0.0012
0x9f58427d0e170a770446b2d9ecdf5851bbfba349,0.0017
0xd535e00cbe0730c680d5f340d3b7fa439476c7b4,0.0016
0x4510001329b606055d9b990842dde732c6974e6e,0.0011
0xa77869408f82c4c8b31cb0d21357c3cd1fa0eb63,0.0012
0x627429a5ce81810e50614093114127c9e7021ee6,0.0015
0x9d5a3abd9f46e56842c617409566b023fd35e7f6,0.0014
0xa6b595ca64bc730477453b519254c0a6990ffe4e,0.0013
0xb3e44c5d3ec0de9468fc3e09e2018d0d0ccb7699,0.0013
0xc31f6e0fb29eef3044c0afd91fd69e635cc9167b,0.0014
0x29ab509135193d2335b467e51325221bc0c96e61,0.0019
0x9bb39236df03525df6577414e06e44a47e758fc8,0.0013
0x51dd9a2474d0b7ff8c4e4c45e1ff13f58bb71ed1,0.0016
0xa549688291984d845a38cefad66838beeb3a8a31,0.0019
0xc1fdec7701c12c560c11db78d25d46eb27410d72,0.0019
0xf9508f896550d21abedea31dfff9965f5f28d7c5,0.0016
0xfbbd1658dd362518a38f2ce951716acd98745a7f,0.0018
0x5a7d964f0e9f637983a194350958a3322812d147,0.0016
0x6b1d7a15f0793373cf4be95d46b41e630caa50b6,0.0014
0x3b5a59bb632b4fa44f8cb74cfc946bf36018ff81,0.0018
0xe2638dbeb2b7bb6e0de6bb9be78b5b5ad345ea5d,0.0017
0xacc5b8e0ca6fc04e9b6e060181a4dc000cdf28a8,0.0017
0x43886c76283ec2c2478d07450b838569a7490ca3,0.0016
0x08081d108ebcc6eb46ea218e2ac71a4dccb5cea6,0.0020
0xc5bdec145fcdfa92a9e92310d23d8dd6ada92d9a,0.0018
0xc9ae594f95eca58f85b4e89addf11c90e1397ee1,0.0018
0xef2f1f792dacb3fe9fec06dd22badc4dbe77ca15,0.0018
0x2cdf801abea66b39d202f303afa0380e931e3cc3,0.0016
0xfd43dc60260811bdd14be547cd9f6f874f655858,0.0015
0x411e28dd55ee4f0bd9105e2969e89cfc9305eaf0,0.0010
0x3bc675d29018c24c8654bb982bd91d688c74b828,0.0014
0x195d88ff2d79df5c87b6fecf96a1d5bf6d9a4218,0.0016
0x863c380593d21eed49c6f1ce796f96d2051e69a1,0.0012
0x942e99260ca9bb745e9815e933b70ec80548c0cb,0.0012
0x013572d9b7ca7dac981449ee9a22bfb704b0e55a,0.0018
0xb8d576f6488ac958cc01d21ce776637da09c36d8,0.0020
0xfc9f88ba6da8782c2673ac65022423377897c822,0.0018
0x7cb40a761efe76e9d343fc9bddfdf55260fc5aa5,0.0016
0x44af3573cdb09b4bab7b37b9fc8903fe9aac2582,0.0016
0x49659aff10fb4272030113ea97c6d87e82d00eb8,0.0012
0xa84a323002d7340e72fe900b45feffb842abb873,0.0014
0x29e7b7264f7fb4e4ac9917652dbd18377e5a7265,0.0019
0x9b5c6ebc42b4b86344ea3c5d0c918243f5f43a1a,0.0014
0xc95ff6c5537afd29221c8b60c92607775ddfe5f0,0.0013
0x92665ebebd6caa6818a8ccbad5d428953ed28895,0.0012
0x37f7ca544953b8fb5f2e9df81dedb01d5e9c4e7a,0.0012
0xc36b4ac7e501ea9898a8cf6b41fc70c279e46c7e,0.0012
0x97684fadeafa259f43101c48d8fbdafe4607cfb2,0.0015
0x2703bae843c8a3ef3f642fe101342defbf72d1f0,0.0016
0x773e97601e568e6eff0c054c5944bc7727b87c26,0.0012
0xe71e99da7b9eb8befeb6314061e146f701addbb6,0.0011
0x94f51e29a1f55d4ee5a58a9582b4cb337173283d,0.0017
0xbd84bc1c76e3b99333025edb4434a2410240e284,0.0016
0x12caf267e4b3e40522f13bddb0510fcc99d5f333,0.0014
0xea511de6499f1759cd3a6446c065c39bbd74d0ba,0.0019
0x1f7848323c9675f4c706f1d16a12b6acd557f73f,0.0019
0x4fd2d7d3a0744a7397a5f3644e80c44277cf1599,0.0015
0xe8b382a4b3b32d0907734cedf5a326e622fd85e6,0.0012
0x78d67c0b412f2948189d56cd95c891ae261b652c,0.0017
0xb7c52a4230e9497b0051d8cace2178069437a426,0.0012
0x2b43958d5262cf15c7a0d34d28d8b42c129e928d,0.0012
0x348f94ec39a9afb33aab1d7227551b7da56f8859,0.0018
0x90c45afbd2800fe3adc29c8a561bcf237c32c3e2,0.0013
0xa7d4e3d3e9dbdb9e3a6de24ec3a999f15ccc65c0,0.0010
0x10dff25822962b4010e066279279111387a29c6a,0.0011
0xfffe5a51e0707035a2817271529e54391ef6c45e,0.0012
0xe550237a819b492c6326f33f121a365e677bfe56,0.0012
0xd204936767ee99bceade9846c97d0fc19e880b11,0.0015
0x1a38fafa91864da2aeed7e51f47beed83926aad7,0.0014
0xbc759c6097e03e0c1a96934d740ec77a54cd08fb,0.0014
0xe7062ebc2c8a2418d41e3d84be34fc385a9ce64f,0.0014
0x6365043948f235f0a78adcb44d1ee5a438b202e4,0.0018
0x4d35068c6dcbe5e3ad2574a9ce94f71db8b0f8c3,0.0012
0xb473110b84421f43b08fc80323a2f6da3e028e97,0.0014
0xccbb765699ead876d52580ff170a8498447f9901,0.0018
0x1c05ff23395bce39ef1cc8d5b098657fd3d34c3e,0.0014
0x340b9703ab4e3c5014b1c39468f94c9e6aa03cac,0.0011
0x98ac4675deffc658637f4c5708f6ba3c1a9167cf,0.0016
0xa736789f07a5c138cc579f529458f52eb14662c1,0.0015
0xee1fcd3c18143099a7ce0786b19eeada20eea057,0.0010
0x0a04f5704d814b757141c5f7cfc54acc1bfb9fd8,0.0017
0x30e0e89aef5ec070ad69e2c622da907bbea51726,0.0019
0xf70be1ea6dd50cd7e75fffefd2745289edc41365,0.0011
0x093a1c8ba115ec44ce6a5e383718bc4cc101f049,0.0011
0xef1254a954f467987c3ae2ac8d7cce71019b4891,0.0010
0x9c56ee8a8ffd12cf3e495fa7a315482f5c2ffe66,0.0010
0x210cbdab1f6111dd0ec5f223e4ca8565fd6fa750,0.0017
0xb58818e903163dcf2cfce0fe70ca898a0c6fd9b5,0.0015
0xfe33a3b8740503219dba301177703f161c7118d3,0.0017
0x9692be60602c4a3a3a2963bd6293f4a983d15845,0.0019
0x94ffc36498747ca2f10c58f35c48befdac7fdfe0,0.0020
0xe4dcea0715895ce1a5cf6b16e60bc6211a8cf1d5,0.0012
0x4a1e157aa91af1e9fe0b0dbed27fc24d088d311d,0.0014
0x98377488ae63fa9238625db367e7468dfa2e4334,0.0017
0x386267f08a630330c1637be12db39d9dd8b5b017,0.0016
0xcd71672098e60c65ac7fd376a158434b5dd5c936,0.0014
0x8a85f1f55631a534dc51ba24de19e158998ea627,0.0010
0x3380c44606a71b4a4fb545eb8053137265a1eea4,0.0015
0x9c9202b4f0c898c3020d3861171af405c9fd4b90,0.0015
0x9c8c03714e6aafe0f7c366477100e62d89c92b26,0.0019
0x572461125010da53ec3b40672162c1cc2597bce4,0.0016
0x048e8fedaab552ae477dc0ee06c4f3428dbdb477,0.0016
0x693ef74cf5bb451b70fd5f04b414eabe043a9857,0.0015
0x1b5ad369dc6f6956a57aa2aa753a8a79dcde10b8,0.0014
0xaac825603ce738078985bb5093b4731cb0d1b4de,0.0015
0x51dca6e5c83e64cc350bb634f72fc6477ca5a257,0.0015
0xaa4cb50e436454056d2165a5754ab3454376c3cf,0.0014
0xc8ff3da3b8084ecb587fa207f61db34026ddcabb,0.0012
0xfa458214da1b7a4be6496af5802fdb0c206b1065,0.0018
0x99db7228fc0c049f08cd4dfebb26ae94c20a3811,0.0019
0x001f5493e906fd96560b536143885a8f79f9c299,0.0017
0x5aca7a78d176413e2ec6238abf09157d46ff63f8,0.0010
0x2354b62511c19a1829446ace12fafedff4ba77c9,0.0019
0xf708f26a38a8226a1efd3da7a11d438540e90c00,0.0015
0x4bb475adeba01065f5cc6aae54fe7939fd1d6401,0.0019
0x2b3ad867443ba51ed0e129bbc0f44e9464125b9a,0.0015
0x2ad374290b2e2c2be0418562f7d73bf4899b2a85,0.0013
0x699b3f33ff9b00ce45166c58fc8e86bc06245568,0.0015
0x4e1dcd96730645a84144a7ee0f50613a39b30ac4,0.0018
0x5c4fb41a4a1973933ae2c90aa9d458ec414f9020,0.0016
0xd87eeb1bada9b214b9c351d8a772d92962ff9f5a,0.0011
0xd4af9ff6246e4a46255cddab14c6d1c25cd4c192,0.0013
0x276f2de173d8633672a1423cdaf6f08b74105f2e,0.0016
0xeca43032301e759da53c7d928b64dcaa8f35c09e,0.0018
0x79f64383c1ee5b4f42d041fc52bd9af478479445,0.0017
0xa4d06e85d7be816f3c2d8a32b10e1680f2374bc8,0.0011
0xf21ce857a2b665e0a1f32e0daba75e258ad528ac,0.0015
0x6bb252f1dd41323b32b027e74f2f46a7a29f46a3,0.0017
0x1556c72c5a226648caddd0b8c73bdd9ab9395ad3,0.0011
0x4b140d80da098c5a7858854ef423a19be9819130,0.0013
0x8d5b56f9121d309d025b37824f6f2cb629d6610c,0.0011
0xe38f1aeb9cab9501f65630e656d8b1ec567d17cd,0.0015
0xd382ef66ce815d972a2da5431ed3642106a9fc7d,0.0011
0x34e663f0b4bd16eda904814131252566e69b9cce,0.0019
0xb0ab08acfdee6fdc92d5aa84e55a5cd6c86fe92e,0.0018
0x3e207095a6fa01f7fd4ae491f71b444cc3ffb41e,0.0018
0x6424b9cae703e96701ddbc8fa733eeea05f9b05a,0.0011
0x0653c22b7e97b83c22ed998fb34f08d13cbcf08d,0.0017
0x2093840895e86e7e8af0043582a0bdacd98ec9d1,0.0018
0x20b4130fd7f5fc6f7cc375e85b5a1da21a73bb22,0.0012
0x47bc6293851f6c8801d99b9d6d3a5c3df5bf6a42,0.0017
0x918110966d7c65f8c83974084ad8640f169c5d09,0.0020
0xad7fd3e4cac226192713a4694fd5ca9ee4fb458b,0.0014
0x2f5fa59b5dd3caea85d8844a899f8c0718972a54,0.0016
0x92ddeaaa6894c49cb428a9beed27476653ea849b,0.0015
0x496445a372ca7542a4affa8b95594f9961a169c2,0.0013
0x7b651da693d3a55c09efdc01065394ba24824976,0.0019
0x0c77446718f21f9914d1296635279a44d73d625e,0.0012
0x213d34148958a5c098b9d416dd4d1f1c98ab1623,0.0015
0xb367f9b594f54bb4bebc3589a4d965c3c556fcad,0.0012
0x86f8b2507ee6ce494a950561e23c11345dd6df59,0.0015
0x18239e11805093c257f156cc0603c03b24c60b3f,0.0017
0xf1554804edeb88ebb65f562d052c065668df07b5,0.0019
0x99c961f5578735e50e0488c1ab00cfd847553872,0.0020
0x7a0731e4960ef91699cb54159a5ca1ec345bff82,0.0011
0x9370854db6ecc990df1e823ac014eedd8ed13035,0.0017
0x48afd6bd95af9cbfa2c345199a39188bfac1f2d6,0.0010
0xe6b5df6144c5c90cccb5ad104fd9846c93ef926f,0.0016
0x471e3739d01db8af0ce58f0ac8d305f19b44f13c,0.0012
0x336debe454d75e90b2d833f24fb6d9d3ccb6f085,0.0014
0x6ad360f2c031a3e5c12111c31eb1c237e35a1803,0.0018
0x58c7e3b36599a719a4635b59e6a90e8d77ae3bd9,0.0013
0x0afa76383e0535f7f1d8cde92acc140dd597a026,0.0016
0x70ac6ebe1a013a265c2ac85cd39db7c5ceba6c72,0.0015
0xd03b5aa215967afeefc829d3e959e05f616932c3,0.0011
0x5c748680a185401d61b531a6c962f4493f8baa80,0.0019
0x09f107f658ada3f904d0ba137dae263629d16f61,0.0018
0xcad9a1a4e5e8b38f38669147a938b33fc0372a75,0.0016
0xec45c6292a3f6e0eeb572a87523c208ff78c3270,0.0016
0xf41f4a475894725d99ebf08178e936d44f7fcd5e,0.0014
0x0f04e1c934a7a9fd7b58bdf1608d0ba146bc0514,0.0016
0x0af3c677115e5b93bc546a70c92565e90fb03677,0.0017
0xd184b937e85bbf02b744da22bdd3631955121331,0.0011
0xafb536d970034626eb00a7ce02ca0f9e9dc39227,0.0019
0xd728060486a769d575b0cb90d1238db59e5d4eab,0.0019
0x120d6f15e6713df15a3aa43384f2b9f833004d49,0.0016
0xec84ce78850fc71c2b014a9cb2ad5144f9062132,0.0015
0x5e9b21966869be3998cb01978e202485abf819de,0.0019
0xcb133b8ce67bde1473e1652260d1c56316658a1d,0.0012
0x7a9809d62138442f6eef07aa1be6ab02c11cd6c0,0.0017
0xb0241cca857e06ddb2c9a9978126bb9c811439aa,0.0011
0x795f9290be8c8c0123aa26d3f50fdef74b46fbaa,0.0019
0x182b3e1370607cfd30a0ae65ff46dd2369d0a711,0.0014
0x825b3ef1e0e53a6e5ece2bcab6ace0a858f5f357,0.0011
0x43739c8520ac699520eb0540cecb2a85e696b36e,0.0013
0xd5643e36426e1c4184f14568d947f5aad044a708,0.0016
0xc3f7d4ed6f17be2cec4338dea755fc9bae1c2587,0.0018
0xa51616d8da7e23a7f4b866ecbc53522c186643e4,0.0016
0x3e8c6be42792c60667df676f4d3dddcc9132ace2,0.0015
0x27204b543636169383d5e147203a7ddd3f460cee,0.0018
0x36cce036f315f149158cc114d67254a00a47c4c1,0.0011
0x6e15c65ac5f4a69b1765932006e861166391ed55,0.0016
0x65c926e4ee2ee08be998270f721f0375600cac82,0.0019
0xacfb026863630c95fe40b48d84cd5abf01ea11a5,0.0013
0xa38fbe1c0e6fb979363182429075fc9f350417ed,0.0017
0x8098d92255cf1190eb24c1edc8ef1fd80efaa41f,0.0015
0x17e0ced6888cb978c7168186d225859ac9daccc3,0.0018
0x42e81c297690bda619943cfd597175d667b629c8,0.0017
0x1fa213aae44ec97449b54a09c6a9f0e91a25c01b,0.0019
0x26fc79f8ac9edcffb1b90ec96de304b69e07acda,0.0019
0x6a6eab8a9504bf9773accd539018392dd737b038,0.0020
0xbc44e48bff264bb288aa6811fdaea626b4268e7d,0.0017
0x4cad511d5f4902f17256aad866d98c266b3f1f90,0.0014
0x0948162e4963b4da05ae844e51826d14fba12065,0.0016
0x501641ad551bccd417597a0c872eb4cff5ffa645,0.0016
0x1b875ddfc707e9ecc6630aa055cdced5b5f5d682,0.0012
0xf319ef18023dbcf857411f2581c4f4d594756b1d,0.0013
0x88478bcfd3b556c53edfb5eccc89d63e7322f5b7,0.0016
0xdc74e8018c845f46eba1d0c0cf6ff255b2e38aca,0.0019
0xc6cfd1724e6dfe4d89e36f9a80833ca59f5d1bed,0.0018
0xce27d06a8ad8a0016550940fc87370195bb5ed65,0.0017
0x326fc869876c39521eadf6d00d2047167ea21aae,0.0017
0x76b93bb616150a19b2757c658d3d7d5fd7c3d85c,0.0017
0x3a6e98f85c82f733e768463b4ca3b1018bfa1e79,0.0018
0x28a9c94fa29fbd222f6e2ab96f6735469663719d,0.0014
0xdee9efd123a51bc3a4ee28fd225861921c5a41e0,0.0013
0xc1bd489736cf4ce67fd4a9f7829d03b45ea8e67a,0.0013
0x3eba58604657c38e49d38bb33f0b2ea39982a3bd,0.0017
0x00ff574bc14ef87cba9f6978f2d6372a7003bc0b,0.0013
0x3716c25c3f5346a1095a0f72c40f2ba8ca68255d,0.0012
0x4b4df6b7450e8bbeec05ed9524a589dc233d01db,0.0017
0x8489b04927361731c9e85de42b556e72906a2053,0.0015
0x91f53da3fa4ed741e77f7f1db41336c11a4756e9,0.0019
0x6cebf8be6bd0b56c8a334acb055d96eb9f3627a6,0.0018
0xaf53730aa8312b9100f66999ec170646bf4b5d88,0.0017
0x4b4d2fd45cc96b7708f1ae92d391b98e8ebbb919,0.0019
0x160db7b2e03533f7df6d961bb0ba50a61a700da2,0.0010
0x9ae854516b4c9fb0a21a5da37d5822e6fe5c5eef,0.0013
0x2af75f53e31677448a3512afd01bd5962b2401e9,0.0014
0xe26135030e1a767b7620d5ec5e86f33416fd0fa8,0.0014
0x4029f558694192ff27f9f4cd455f94292931f09f,0.0017
0x827623944ae6bf3e263138a8eba8d5f3692404d1,0.0019
0x673634f80deb00df4b89993b52d8ff711fa99cd4,0.0013
0x0caaefa83ad0b78cbdcd413604337d846e33f183,0.0019
0x89a58de0d490984354d9eb40a5e592bb0b3cffc1,0.0015
0xe7b73fdfe860d410aba5e5ee16ebfa9993ed9d34,0.0018
0x7b554a92d7c0888c000400e8ffce0688231812ce,0.0016
0x940ceb1415265bbdb60afd9b3c21e2923a1693c1,0.0019
0xa9dc449c582ba16c0cf94ed6e0370a44bbb6a7aa,0.0013
0x4ed4a5150a34656abc8f21ba95f9168c15426487,0.0019
0xf705704e0bc6d6d5059794b0cf8f00eb31fcb98c,0.0018
0xc9e8f42919363b56377bf006e3ab1039691c346a,0.0013
0x00434d6cfa2af5321f98e4dd180468d0dcc61aed,0.0017
0x91c78bc16dc0fa8f123384b3ecd218d3f322bf81,0.0016
0x078dbcdc92e144615e64ab61167d9db2490be764,0.0014
0xfc6213d5714737fd5e59987a420ee7fa67c95a08,0.0017
0x9bebc3269d755127747b2d0db21f95f6d48494c2,0.0015
0x849c91d9d16ab3ae38b3b9cffcd25252d459e2aa,0.0020
0xde44530c8e05bf1ffef9c5fbe744352115fca06f,0.0015
0xe4b8b574bfba1f6f992afc442a4e8faaf1c61e04,0.0019
0x0a87816943f88ae1b31ee5710258fb0be14d8681,0.0017
0x65fed8bb8719a62991cdcf5dc688e93d1d6faf94,0.0017
0xf1d5755d94fb77fc7029f18f2d27943deb42438e,0.0015
0xf09a0f5bb0bce0d183fb2839b7d8ade0dd419bfb,0.0011
0xf550041be4c8f5f8d99566beecddf25bf11dce61,0.0013
0x7517a776644355eabf2268f7959447f9b022ecd8,0.0014
0xe132db133372b571bb94e9cd8e9bc5deb4d9b6d6,0.0016
0x67609494f08653e1755a2a7ab4125eae7cb05e3c,0.0019
0x889587cb765606dad304ad9a5e6f6eba90ba5e1c,0.0012
0x5fb6cd78e93c26734482484b9975defb8137b4bc,0.0013
0x52d159ee11b03c854301c0c04e8bc7ec8b188bfd,0.0020
0xa70bd4d0ab1fe49ac1f5f345b034e4372afaea6a,0.0014
0x6ed3f2a65a574eac4b8e0d283d2e21c298268718,0.0017
0x8ea366b62f9d9d05a302822ffd75b665b357ee2f,0.0018
0xc0d2f40552b1c3eee89aac3ecaf613cf1592a912,0.0014
0xe1e11ec1c8393a7de239f680c53256437e32ab27,0.0017
0x2c66695168779cd51df0415a80ecc1e5a35baef8,0.0017
0x4f29f31ef2c1aac90a1b5ebfa9f87b755c754f1a,0.0020
0x93c4d71633912ab677656456e8fb44d6977ddfdc,0.0011
0x6f71f65fd5f36dd225927ad0ccd2d5c7665f0823,0.0018
0xd324b27695951d8ed93fc36ab8a673afa43bfefe,0.0019
0x5bd18cbb21ee14ba129cc7d990b51f700ba7efce,0.0017
0xc48b3678cdf623f4a9da0c54794be30efc123870,0.0018
0xb86380b4edbb593d4f07770cda4dd2b90c36b1d0,0.0013
0x1765d95b0e3e9263330fb0c5c68d10fa93ec382c,0.0018
0x911b3308a47524214b3bc28a1ca7ab117c0050d8,0.0016
0xf36dabeaf2db7abaabc13d1401d6b67a299190c7,0.0017
0x38cf29f34aa477096b9989e99fb08272889dfc32,0.0016
0xc2a4d73251ca897bd50e20624e2ed32837c52e96,0.0015
0x0a8014974877d2624c708acb98bed8822501eb0b,0.0017
0xd4c15c10b5e6cbf19ae5928401b24ac7a2b5f2a6,0.0014
0xc31797492747334012d23cee4ab1ba40067f7246,0.0017
0x4114c99bf7ebc0f93e02291878e7c3071891946c,0.0018
0x35644295687e5ad11af445df849dcf793c5cd904,0.0018
0x61d5781a573ec34964e866201f18d889121ef70f,0.0019
0xfb03d07bc07d4e8f57970ec8bf76158ba3fe0e64,0.0013
0xc7ebd36f43340b84148241835e92d1121e9294ad,0.0010
0x8c9a101332b6f0a958fbff7161262bed292d39ae,0.0018
0xa88d5c9a76990a03913463688d1a249c643bbf4f,0.0017
0x3fe643e6c3cf5f3162c090ee0f1ff5ffae58a3e2,0.0012
0xdb96755b3bc761f0efb9079e36e62162212a1752,0.0010
0xcb0b1b02fc432ce408bf2bb1e2172a95c15185a9,0.0016
0xb256ac23959fc26bd0c50be1f085070c11fca102,0.0011
0xa833c0d1d409b2f03b3f4bbd7c9ee03075d35da6,0.0017
0xdce3797310904ced3bdf8ba5fd3072d41ee53ce3,0.0015
0x277d795f728c7a2429b37f31c73e40ec96f29246,0.0013
0x7c7934eb389b06583d19766135a88a9527f57e7b,0.0019
0x2f12a4b496fdda25f2c13df3709492a1b10ad0fc,0.0017
0xa2c35e4bbfee2348e86927cc8093de2d6b7ff9e4,0.0018
0xbbfc5d670ebd95912c7831fa27f4a94a3080890f,0.0016
0x413156892bc9dcbf798aaf463260c7203b977f84,0.0014
0xef38632c31384eb996930a7bd44fc997caf7a28e,0.0010
0x48a72cc08ff7071f114b14bb7bbfa481ded2b8d2,0.0014
0xe583f51922e24193df831cb0fffe26aa1f645fe0,0.0013
0xd274b6543bc8a44c83d93a4ed801f422ef08d804,0.0016
0x49e72eea009ff856dc173621830d0bc32e73f967,0.0019
0xb5a86f7e78650ffc08972234d25c5ac3ba611293,0.0019
0x03e885945ac920ab7c1bbd5cb483143236d47912,0.0010
0xf4f4aa6f1c7024d719dfe9f33d6de5a1ee022309,0.0019
0x7678c799b65e01a84146438d6411e938c4f0d5f9,0.0015
0xfada4a4cbfa9ed5056421aed479e79b6fc039584,0.0011
0xea24066f69c3915292c2570fd374d02ee33b294d,0.0014
0x115f11a2e187f9ab271f217d9318a16b1614d252,0.0020
0x0efe78e79dfa6da38d22a43d526eec572408d017,0.0014
0x441d0ad345acf3051cad7619b0d211780fd88336,0.0018
0x74012d0a755f7dd502be0462dd0bc30e5d5aa1c9,0.0018
0xb3670681807f8011e34087adb5f490b714f12084,0.0017
0x1eed4f0fe0711b8458aab74a01de883f82e77d65,0.0019
0xf8112e66de7ef65e19a0d88bd206784988eb8e88,0.0018
0xa7ca83db19668d86b8b1e88d20e7d646e7759ddc,0.0020
0x0fa45e0d132c669e1e991f420ed7a6f9bb53477f,0.0017
0xe3ca44a7195bf2b53df7bccb8040fc9fdbcb1370,0.0013
0x5f38418cd329b1df8382acb735715b951eed9aa4,0.0019
0xee6fcaee0b75e8c9cafdd20a74241d961251db4d,0.0019
0xba57ad00d45dde0fd13f1acf79846730a6bf1fca,0.0018
0xbce87b9bb59f4406347edeed924733589bb1fd6d,0.0011
0x4643d954b06a06f1a856443c7b8039a4434ca457,0.0016
0x05efe9abba55a20fd91244decf826b2cf49c1eac,0.0012
0x7b254d97a4312fea239aebd1e1228858f2e684bf,0.0012
0x0beb8677a02214cde04a1571d9403a14d6fc7800,0.0011
0x2718b019d997d526f6703ea85052129a8f3bf25c,0.0020
0x461fe30d6202693bb544913d32fbaae0b5630e03,0.0012
0x3ea44fdbdc4397f74e00b67084b6d87d81e0cc90,0.0016
0xa6eb52a287076f283be91f0476d3258fc0f7c694,0.0020
0x2159e71cfd0a24cbd340c336c76b3c489ae25fa4,0.0011
0x1edde872d3df91bb7d5b934fcfce3feacb735a0f,0.0012
0x42000716e1a56475dea658c73eadb8d36241d36e,0.0014
0x96bc9c4707cc0ca71b5a9983479a1c1f914b466f,0.0010
0x76c0a49b02930657a6b24e45c291d491b22bfd97,0.0018
0x39500f8817672c0a9666ad3da0afd1ece19684e2,0.0015
0x3aea1820246299ff879317970acf840f3a662041,0.0019
0x6954a887244964f270fa2d830a7e1db8e24d2caa,0.0014
0xa1cf38e7caf99a4db578d10bd00cd18e6d57f663,0.0015
0xf72c7f456e28f198c8a0771b0036c9641fc25db5,0.0018
0x17c1599ecef5fa7034c09efd50f4552dc551ca9a,0.0014
0xeaf655306580b1509d7d045356259659528b5741,0.0011
0x85fea660c86c7d9b892ef07dac5a57839fefaf87,0.0017
0xc4771a15ebfb7cb848607a65ca381017ffcbd9ef,0.0012
0x95b1db3af8d60f5338569a4f9c9c08098a822599,0.0017
0x12716aad7b33f09fb4a4529bea17c7fa84e8a8ce,0.0019
0xc073a36af761406878c73401df11286bda5d14cb,0.0017
0x06dd414891c84ffee94ad42bacbaccb7b03b6d4c,0.0012
0x63ed462f7f0ad4d758b71fc0917e426799a31e51,0.0013
0xc8bc9571f2d24655458eeeadcd507894d492a2e3,0.0014
0x4aba87a9bef41d22d826edf129f0bf8517b79884,0.0012
0x5da723fcf8160eafc353d1cd43b6126d25b42431,0.0017
0xb91e9594c0e3c6797477467b8ad3678fc43c9fc1,0.0011
0x6522f1f55ea56a34c14051238c51039e15bb2a23,0.0017
0x71a0089e5434a4fe735a59c82464846fa2fb84a6,0.0019
0xf8e903fb073b59eead0595c98a9191cd12838063,0.0016
0x8b5bbb80f383981af8deae52765abdbb0397e2c3,0.0020
0x4814334cffd9a9312e6786ac21c0d61edf6f1d88,0.0010
0x0e4b8dee4ada9796ec748f66ec24993e1605e6a0,0.0013
0x5b894f8c81c4c2ce2066eba04981443d30026f4d,0.0011
0xc5d5a1bc22a9b6b7eb3edf02c0eff5b9f6949786,0.0014
0x9079f076bbd273fb69bb678299be107ba9f7e0bb,0.0018
0x66117d460d1aa948c2fadc0960960d20669b36ae,0.0014
0xd2c3673fef104af76eba584d23ce3d692e6e8489,0.0014
0x40a1805bca9bc1ce38117a08f4c85feeeefff690,0.0012
0xbf5f24690cbecdc8e4e1783cbf9ac0ef091d9118,0.0020
0x13ed06853d155ea5652fb9e98397266a61a52bd6,0.0019
0x842f53b7a568dd269cd2357c12155e9e95f010f2,0.0015
0xcbdbc1f3006c9369a55b7028734b683823b5c128,0.0017
0xf888fe8242646755b1aba20365377ff1745d5bb5,0.0015
0x202ba6f419600bbceeb99f45654fb1a6d647a0f4,0.0014
0xc3a16868b43441c863ec1fe559bdb569778cc097,0.0017
0x8992b1280166ca75b4e46cfee9e21bee0bb13662,0.0011
0xbcc30dc2f7dc942981222005cc09b4f968fc2732,0.0010
0x2668a11331d6f1a6bf8ce267c91bbf7b0297f133,0.0015
0x1e7a0bd49fffd2ecd05bebc07bd20a51212d01d0,0.0013
0x81a5bcf67263a0b5095cb45b6ec37bc04ca17adf,0.0017
0xba4b5d4251ff1a1761e4a6d88a0eba927230605c,0.0016
0x729c5c08bad8c51999c6c85c6d1920b0da90fb81,0.0019
0x73338fb16f836741e007ce9a1a52f478c59c0fc4,0.0011
0x9889796435988eaedb868c6b69d5e4985d2d6239,0.0017
0xba7f0764a570d865c350a5e0d5bdcc93d21ac6ed,0.0015
0xaf568cec8453bc2ab1a94df9d822d49af8edf2b3,0.0013
0x6c353903c3a8fe86d184dc66b01cb6e80ed88e16,0.0012
0xde0ff19d8f38ebe4e48f51ecb67394abbdd3d692,0.0018
0x607109191fdb25cea4aa0b16af6a2ac86f3ba881,0.0013
0xec8d7ddbc8211b5ad7a79421c49cbf6a9d5c8098,0.0015
0x77456ae4e25a4eb2dbed1d99a2055d71d68f03f7,0.0019
0x98df0a88cabd8cfcd458aa0e3b9368c0bb0488d1,0.0013
0x390b0fc213884e0797653dd91b05175e02982598,0.0017
0x4b0ce81593deeb6be973171ff010104a1c7010c4,0.0015
0x0e3c5bce74f7fbfe386baf93553cc8bdb411c544,0.0013
0xc80cc68f2178c3918809809bd7eacac8d202c1b7,0.0013
0x88b3a242bac0c9a3032c403e7fb2d1a4fafc695c,0.0011
0x61cab1dbef40ea23b4da7336eb24b3f74a59db30,0.0014
0x858b7878711c8d244f16bc17327148e8e1d2d360,0.0018
0x76ad00793bd072e90a14a9d7166426f49e6103ef,0.0016
0x580283ad7e921f2ae3375298991833673e479fb1,0.0019
0xf686ec99164d68982c1e8404136decc32d596e49,0.0015
0xd56d0226c0196e0e7797789b0575dbe78f414be2,0.0011
0x4c019b5df316488e052351383eebe0a59ecf2746,0.0017
0x36ee8e7d19c6074b56511ab7caa241c18b7244a8,0.0012
0x1f027cba07c1aa592ea1755b77350f5386025eb3,0.0013
0x3c45a91daf870b814b74a2dcbff20f1f16c78e85,0.0015
0x65db76060a4c99ba63bdf0458443e2b5167f6a64,0.0018
0x392c614d2e347fcd2eb6b0cd7409d43503d7b3cf,0.0016
0x9b5c8503fecdc7106549f2cbd019b3625a26fd57,0.0016
0xad668e61c3c7830feaa59da3c64f7f024172e517,0.0016
0x02584f40ce9800da6575181b869020c9bf6b7f67,0.0018
0xde233531764f01f1ca57b233c9d3191e3762171b,0.0010
0xb2384808999a9878f8d0e2035dfc3f933b365c71,0.0018
0x25b528b5d615f6ea92c28bfcd8ac2916189593b1,0.0019
0x79003d25d32bb6b77ed05fe4196c96ef76726a42,0.0012
0x3318a8c13ed0608b113c3a786c44970200526467,0.0016
0x904188f0bf1cd4c4f2733aa5f148c286e462ac59,0.0012
0x99387288cf17555fd9484c85fd11f6a1d8b58a3b,0.0020
0xf73249be5dba7aa41b799adafa933368ceea4189,0.0011
0x4dc326f990d7cf8b9c88f66dcd749955d2d5f2b3,0.0015
0x2420abcd46be4793830cffc731fbbbf658e1eb8f,0.0012
0x1e5c6781b32e2719f13bcfd168267f2ec3079cb9,0.0015
0xb4ab3d39b8723170b2e3f23412899ba9a9589d2b,0.0018
0x61e1275d23b296429f6a4cb1eb981a1986baff50,0.0010
0x21af97a5a70d16294decdaa11242b7eb74c995f8,0.0016
0xf079321c066f69cdcc3eff4978a697f5e30348c8,0.0012
0x0e4d30f76072095154fe25cdcb4783e4d69eb196,0.0015
0xf0dac54f7d8a0598ebeb13dd4efc593731b93456,0.0019
0xab0794cb7b2ebb5300b9c9236f129e841045b03a,0.0010
0x6fc19134e360c74ee12df1fd9812a18578c8cbed,0.0011
0xfd60ffda69210f5f18e59b7cb620a60b281c4c39,0.0015
0x2637f4680947c4b60ac50235ddd1f8d07d64fbaa,0.0015
0xef395e127f2be65f29d7028b1cf5b390e21f6f12,0.0015
0xf22f67445dcee4f54864966ca4202a01f8c760b8,0.0013
0x9a8f2779a49a0ad66f0b101411e0f3a3fb2a28e5,0.0020
0x384acd68defa62f4caa6aeb9f30da068505430b3,0.0013
0x659e1f2f0d4c44101febda18b8534fe3ab6ce275,0.0016
0xae667c622dd95e7cb854cd46a0127af30244ddc8,0.0011
0xc912ee13780952ee1c0476bf2a1c4f18009d0d51,0.0015
0x22acb9a4ad3430bc35cbb6dcc0ccafd942d44013,0.0015
0x6b39333cf10841915166e9e1b7d6bc27b09bc7d0,0.0020
0xd926e5668bbcee9f390065730b58797f7c4443c1,0.0012
0x4df7fac6441c1ed28fe41d5750b59d94661175c5,0.0017
0xf81866f5ad17f69459ad6f41a803b3d8ce0f5fb1,0.0018
0x9dcd41fec7e55995affb0fe52dece84887eb531c,0.0012
0xc7b37f08da07bff4e6dcee692e11ad75734db316,0.0019
0x65e0ccb14314812c5939c791f97a5d93d5c6e344,0.0015
0x2b0f95706a63ab906ab17e2519899f0515950ef8,0.0016
0xfa4395fb25bb66efdb7a4a748f6377bf63b9a1da,0.0017
0xf29503ae3d332b1bf73a7217580a7105c98bbb67,0.0016
0xd639dd557c02b33dbf5254265eff1c090e3844d2,0.0016
0x85026c58955dc7bf64bde5685f40b358d384a0bf,0.0016
0x628c17dd060897fee6f9b12126bbb8112acf75b3,0.0012
0x4d6dc22a42dd0ba8d217314692c3b560b771a039,0.0019
0x549aa0a3e7d8f32fbbce70c5f633aa6b6934a2ea,0.0019
0xa26e112b959c4703e3db2c4d752834594d3c74c0,0.0012
0xa1c2e576026a2a649e11edfcae1dc1840cfae67b,0.0014
0x6723a5c2fdd1b94225de6740080e9f908ab0e31c,0.0012
0x080563ca6fa1e0b39cf2a3cdbea62a48d78d8130,0.0015
0x1d3b0d55b3601a11e71c551dc3ad0252672c0665,0.0017
0xdaa12504e0951a0ae6822d5919fa2257ab4ddfbb,0.0010
0x9f6f82eb5ec151d26627436cc4da54428ef9a085,0.0017
0xb454ab1ba9f904cd98dc713bc505f82532b972a8,0.0012
0x712a8a1d1f79db1b8dcc6978a10d3756f8d7aa9e,0.0015
0x018fd293bfed6ced370f7fce6bae8997eda095fa,0.0013
0x03c5285e8d0c8f511afc978bf419967c81ec8eb5,0.0016
0x97818ec987afefae2de98f5892f6c6a2e31c602b,0.0016
0x929ff093a3b7335fe26c7a583dfda0576332e22c,0.0012
0x58bb72382c2110d57b746fa35ecbee6910607bac,0.0019
0x074184831c6bc89a3c632d3b51d300fc9770abfe,0.0010
0xd59c0b1c9b30235ea69918401fa55b2dd127f132,0.0016
0xa4221cd000aa4b5b683b73ddf60ab49b46113245,0.0020
0x5c05ab46d016e343960653a20fbc486bd837e8c0,0.0018
0x402eeeb1285454c18654b2951f906b8b004323fc,0.0019
0xe9208da9d30e6011b146dc5cdb0e57cc68e323b9,0.0020
0x4dcb8e1f8c152d0dbacd685e5454b7966e7866e5,0.0012
0x95f99e83ac9af873c2e1a9ca0e8b7012874d8f30,0.0016
0x7fcfb6e51806c71ba5ac9aa56397859011a28e63,0.0015
0x2666361987dc5fef3ae2f00182e026130ad94fc8,0.0018
0x17b17bebd0835501b295638f918523851445571c,0.0019
0xa7a01ab5af0678a27c69d01bbac84567b73004aa,0.0015
0xa9e9abea59a1ba7d88b3aa17c8e10640aa36108b,0.0014
0x77cc735961f288929cc6fcccf7dfc264da0f901c,0.0018
0xbcbb94bc265bf22c996cf8d3c959db8036ddf0b1,0.0015
0xcde341c9fa837f9af1d6843c4e95d334db3e2f2e,0.0017
0x804e9f710beef534a6dae43f1ce609f13373dd09,0.0019
0x601640947364a8eb67c1b953fccba821b3c8e937,0.0012
0xccf000cc378c282b33e3d58d2de1daa4e5663b7b,0.0019
0x94407ca89d81d691d40ff5b5a062752bea0faebb,0.0014
0x6ba4d77615ed09dc5b7398608ceab45c20010142,0.0013
0x99f291ee869494557cea0602b521bb4d122e83f8,0.0017
0x58c95e2dd0e107f40d6671be4fd9ff2827ba9a0f,0.0014
0x9b90b2ee704f4783e1818d47790c37914d5c4cbe,0.0013
0x9e849514565347b45b6c5f3aa63304a438a73a01,0.0018
0xab10183022a7d5dbfa6f3db976afef0da0ac75de,0.0017
0x4c4407dd15a6653d5a409c9b3f10fb986bbc9743,0.0018
0x185c53e2717c4a37f1539d71c039ae0cfe82b019,0.0016
0x0dddc5ff858a18e7cd2add927061c14ad7a47645,0.0012
0x6cfac43cf3d18eaacad93a2665b1e6be74e659b3,0.0011
0x9011269ae862c494a4e68cfde66290aa42a400d3,0.0017
0x5264a210241613ee81a5a4589c9d5add6ec7010a,0.0016
0x4f7119c16e94767315d4f06c228c43b10ea9a853,0.0019
0x3fbf297ad26ea184f255f9005608f129d89a3006,0.0011
0xd7813aacaaab4a4abf7f3bd50a2e8af49d537afe,0.0012
0xd60334d05568b35b22a7cc9208e9ee9fe29c3775,0.0015
0xb64e75137dc7c5dd48b9633bf4be792244da1340,0.0016
0x0eebbe6224f7b532badee6eed5203c2a377bd622,0.0019
0xc62bab98be92473ee98f9a02ba2958c5de709f56,0.0017
0xb920078c7f2eb2fe466995110ef7f8e151621bf2,0.0012
0x4a8cbe3be83fae98ca80db1d6dc193a9cc80321e,0.0018
0xbfa76d16100c67e84cfca8b35d563437d0a6db6a,0.0018
0x54c3445e61f0a4afeaac09f0939c8d15092907c8,0.0017
0xf5f7207bdf47b9f19d9725ee0fd3cffb33f5a511,0.0016
0x8e2268f1923f223251a3f954233b5b4a69ccab78,0.0015
0xb75e4e284cccca73fe48541b1174fb7c1f2d7a18,0.0011
0x50f61f5baf9b44ac28ceb18d4142d331b33cee02,0.0018
0xc2d3605f1998e84ec95eed3e196b69803d82ba8b,0.0011
0xdb362c39287de3f946d4c6a4abacf25f3238c374,0.0017
0x71d93a17f940de56689e21c9637f0fe6f1eb6654,0.0011
0x21e2513db92bb013d2a8435ad0576f5054746455,0.0011
0x48e58bf2bb72b8c1280d6043e8574280f92b62ee,0.0019
0x7cc99637102e7edc6f3b2cdbe8a05d91a06fd725,0.0019
0x095d253edd11810f4b94566b6d12f3cb474e76ec,0.0019
0x04bdad6561fb4649ef1d31fc7d5137b35db1e2da,0.0013
0x8e28308ad4a6e6d62c63879704b3eb925515c6fd,0.0018
0x9a09f9225362cb25042869d057404e10d0b2ef3d,0.0019
0xcf03ee6c056cf92bce3759550c6053ef6f7bcde6,0.0020
0x158604798130fd7f76584473ab62ee88a70503a8,0.0020
0xa100d83cf4e7ff16ab272e348628e397621c6be9,0.0016
0x047284d34d5774f65edae8d930f1c4a3c1cb290f,0.0011
0x15c9a0afb9fd9df01fe52601350c9867b5013938,0.0011
0xc9c89125cbfdc6e6c9ad3c8ccb3bd21a11723c09,0.0015
0xdc423f23cdcd4e766b9a52c0eb3d9cfdb8131021,0.0016
0xe7af4288335599b7c212d83afd6f2c75b963afcc,0.0013
0x18f03f704a3ad7d7d29a19a4ad914ce24a9330f8,0.0012
0xa1e0947a0f719df54864d1d572634da09c6ef030,0.0019
0xc3ba11b7305afa32f19bec91b640eb5a8dea77d3,0.0015
0x88c3893b2d2d77edf9a1d7bef9a8184145150e6b,0.0012
0xabbfccce598405091c35c269265c554f0d489d4c,0.0012
0xb0cf91b68deb189ee2f19eb9ca4f00f100ed11be,0.0016
0x6612c89c9c80f119904132ec303b860e7cda4c63,0.0014
0xa04394b07ea4b80ecff488e8b717db2db40596b9,0.0011
0xe9bd92c1bbac51af87197339024997bc9e47e123,0.0016
0x61cb56011b760e17a1ddd582f8077ce83c2236b8,0.0011
0x5bb1092bef9872e717eafa20ac6bac6acab7d38c,0.0019
0xb28ad5d084adbf23513bbce11010f0a46d757533,0.0013
0x56aee89a0ce0e6289d0495c7c6a50a286efbb21c,0.0019
0xd62fcf107ade3ccbe5708032d191b18cbe26100f,0.0018
0x1e33f529d81a8c8c89b0e9702434447bc74e31d1,0.0013
0x18fd3fa09b66524140b6f915de7955601f5996fd,0.0015
0x054732228c6ba4adc627f6babc809a0545748353,0.0012
0xa24bdafd4003457896e965c64ccb4a735e098d77,0.0016
0x9817e3acf34aa7f326b99670120cf8d42dc28ab6,0.0012
0x218519560ea0d2948937f7fb234638241bacf909,0.0017
0xb8fab8c45b3936e62f6b91c2af52d793be9942c8,0.0016
0xc71e257dcc98594765f784c81e9a00b523c1f9c2,0.0016
0x9861dbe985b414e3e91546ff9af06e7d231e5fd2,0.0011
0xea1ba3359545938bbb52f495f0bc51e2e856eba4,0.0018
0xf243587007ce48cb9e615d02cbe72db186a29d8c,0.0015
0xbbc427ce558c4ee42118b009ad4079ab4272ab86,0.0014
0xc9ae5a0987b78b74baa19015087f7ddbac38d0f7,0.0013
0x52b35211771ef1ffcfb3893ef667e313844f9227,0.0013
0x5590623d144bc3de78fdbb292cb5cc34a28f7844,0.0017
0xd936d58a150e79cdfd47486f8c53f37e1635b6c3,0.0019
0x27c6a50f752d3aabd30a24ef0a3e81d4d9029909,0.0017
0x50b8d45558368ef14867b1b9482821eee87ad9dc,0.0016
0x1d23cc09029badae684e8fb52cdaebbafeb87915,0.0016
0x1b36e57456dad94d03a501e129743cbbfd402a22,0.0018
0xc12bdaced278d4bc915281ccd6ada470b933a05b,0.0015
0x3fa24e4aad8872ef07a7ec538b6c8508c535b42a,0.0020
0xf638ef24215116c78ae3dc89360fef95c74b72e5,0.0014
0xdf32b30796f3a7e61e26b396a78807badc396d73,0.0012
0x23b29897b94525aacffae4c7b2f82a20a24f58ae,0.0011
0x4b9e7dc091764b2ddf3c0850afbd981845365e86,0.0010
0x3bcca1f39c71dae3be5b90e364207d6917b87dca,0.0019
0xd48857d18e18247bfb656b7f72b7f6af50da1213,0.0011
0xc9cb427fcc733f692e9020cc864bf310e0ab87ca,0.0012
0x8932ac2bfba48f6b65d0aeecbd3d6cce89e9a30c,0.0018
0x616322250727555325e430e61ed443a1a0898d49,0.0018
0x9ab0537d4710eeb9e2a8de133725993741bfb91b,0.0013
0x1600b500ad0d48c62f0b3d84acc9d59e177d4945,0.0015
0xcfcfcdc1134c82e8da024846de91d771ca55c909,0.0011
0x1eba6eb4724406bb9cb49f425baf0d6c1832a6b3,0.0010
0xabe59abd636cb940d4837d63ff53f9bc51d84963,0.0016
0x5d33a10ec710685ace3b7a3b33330b92cd9063cc,0.0011
0xb495bf089d27009700c426bb3bfba5be5a28daf9,0.0017
0x5c1b61f7da2860807a4e49618e9cfeca88ae234c,0.0011
0xf56c83d8d98c913d997cfba60e860133088dd805,0.0016
0x40626fadbc740a3afa4f5e45d11fa1fce9ca4ec0,0.0014
0x07e43f3851eabab8f183a137d17103a996fe8a21,0.0017
0xc6412c662185c81bc4cbaf3e2410ed4b63642904,0.0018
0xc269edb451cb8dfbac780abe28e20aaa08fbbfbc,0.0016
0x114c683f0e310264fab7da5adb9108056a00c70c,0.0013
0x942ae87477f5ad394b9e1dd30c56cf081e6aaf33,0.0018
0x66522d62f8dc80a39b37f064e8da36c51216f831,0.0017
0x7f4ad1cd079b3736e2a90f6d6764d602087bcb86,0.0012
0x0e198d2102d655e5cb98e446ebe349947d640015,0.0017
0x14a3bc2142fda327e96409c494f1645c35d00648,0.0011
0x65bdafdebb015ddfda4c72ca14ec42ea15dd859d,0.0019
0xb612c7b8c50a649db846e55729e1acbaa3c8c888,0.0015
0xb92a59b7f0c6a2edff2a554dd4a76371c4ce0d3c,0.0019
0x670436f664ecac560f4fd69ec7108f36237bfd39,0.0010
0x93f6e6951845882e3196ecca849b1707831261fa,0.0019
0x2663702248ef6830180d492b8561e47590d93db8,0.0011
0x9874c8e6acc87d9394f91d2c048cd1e1d2b919e3,0.0010
0x156701001858dafd20a4869505cdc2b040ebc74f,0.0012
0x25cb9c3b669ec54eb55f45c7a65677217b6e8130,0.0013
0x1123fa659a86d40f564260acbbac65f64ab91b48,0.0019
0xadc120ee9f1ce13d6f4bcbef63c012fa6b95f5bf,0.0017
0x44115664d1824698b063545aac905da03c7bd03d,0.0014
0x741e9682b679c753d645d1b77bab023766a085e8,0.0020
0xb2c98fa28cf05d4ba90b2e05023e836ef66f2085,0.0019
0x8853eaed5655b9f4fc932f5a42e9ae43d78fb34c,0.0018
0xabe78c89e6e4f35eec9460423e7906752b889676,0.0020
0x57f313e8a2b3eb82bcd4c9f39edf806112b6d48c,0.0019
0x06e1317f0df60e0c2f2cb0c56dea78bfabe8521b,0.0020
0x2685fdfbb6f7ea7c9159ba37ea76b72768a51da5,0.0010
0xce896b1169f8663d51442bc5c68a7a68df550d79,0.0010
0x3aa1285db62f868f05c253e90439eb1b3124109f,0.0011
0xd7410e7e48fc3366ce77529390aa3947d837791c,0.0012
0xa0ab534b6222397e3e9a55e38ba68297656f52f9,0.0018
0x92cccecba6c805bc59c84c4b47822773e4bce665,0.0011
0x9bd147e3779e9bc0c7be592548aab822683aa7fc,0.0012
0x84c2950b3fca2270e3ea0ab588f0196e04e74318,0.0012
0x09e0075fb2923542ee803dfea4d33d86ece0d970,0.0016
0x3122ca9da205a44f13c111a536646649782e5e70,0.0019
0xa678d447f35095d65451c5b75451296023ea83a6,0.0010
0xd47e2f8e5f66b8805d5a26ee940a9461ea60afcf,0.0011
0x6471bbac0b85985c1cddc385a544c5ae2dc02f36,0.0013
0x7e1aa05d56bd6957243714a7330d7b12a3fefab3,0.0013
0x3ec9566b55c8e633b5877d8118021bc7fb513abd,0.0017
0x39fbebabc92c30288539929757f1a0261ad850ab,0.0011
0xf84290bb0c7c11a3be015d83c6ddabd7863f8d32,0.0019
0x752614585f9b729d550a989a9e1cd574b57ec351,0.0016
0x0da14f080c3cbd5728ad58ce1f1ac5fceaf341cd,0.0017
0xf7d1012df526a0ece2a22dfbb21f970c4671bdbc,0.0014
0x131abbb77fb90324b6973a14af2776f9da3cc3f1,0.0012
0xd7f77b22710a52cc973d4f440b2d7f30772ec2d2,0.0017
0xd9226e6120baff916c487ff6877e75b0930b8359,0.0013
0x7c1ee15dc38ee6ff89e47a414c495932d5d615b4,0.0018
0x23d04b3cfe7738a196c77e977a977b46c1bf217e,0.0016
0x5ebe66e9e8f3d58c93cedc0e07e4f30c71b5c4ad,0.0014
0x4a60209b0664cd2b731fae27ba211a4934377ed2,0.0014
0xfde97749b6756cccbf8b98aae9c4bb40ee8408f2,0.0011
0xd4b55668a56f641ef5af21aab07e6527e02e94a4,0.0018
0xac01ea1cd6736befdfa5ce7c7db129328f9c7bcb,0.0012
0x67936170cc9606d292a9bf0bb123ccacc8690183,0.0018
0x3324b6266dccee0d9b185eadaa4179d67651ba78,0.0017
0x1fd09271f450c4b3cd72062fef442938871d8846,0.0019
0x6740b2e162fef397a414d892ece31c7d30547b3b,0.0014
0x1e3fd95cf816c305b29320e1ec129ef8a33a243c,0.0020
0xdf2a10483ff18670347e178e0403e7ea403ef60e,0.0017
0x5c1474258d6e3a690d9258e9462b1efaeeb1173e,0.0011
0xcfa0f3668a4b17fd05ac89b9d4eed20b640e6a1c,0.0014
0xc224f7c5d650896c6ea41137e3a424fe37e307f7,0.0014